match_no,Bowler,team,over,run,wicket,No_ball,ECO
1,Mohammed Shami,Gujarat Titans,4.0,29,2,1,7.3
1,Hardik Pandya,Gujarat Titans,3.0,28,0,0,9.3
1,Joshua Little,Gujarat Titans,4.0,41,1,0,10.3
1,Rashid Khan,Gujarat Titans,4.0,26,2,0,6.5
1,Alzarri Joseph,Gujarat Titans,4.0,33,2,0,8.3
1,Yash Dayal,Gujarat Titans,1.0,14,0,0,14.0
1,Deepak Chahar,Chennai Super Kings,4.0,29,0,0,7.3
1,Tushar Deshpande,Chennai Super Kings,3.2,51,1,1,15.9
1,Rajvardhan Hangargekar,Chennai Super Kings,4.0,36,3,1,9.0
1,Mitchell Santner,Chennai Super Kings,4.0,32,0,0,8.0
1,Ravindra Jadeja,Chennai Super Kings,4.0,28,1,0,7.0
2,Umesh Yadav,Kolkata Knight Riders,4.0,27,1,0,6.8
2,Tim Southee,Kolkata Knight Riders,4.0,54,2,0,13.5
2,Sunil Narine,Kolkata Knight Riders,4.0,40,1,0,10.0
2,Varun Chakaravarthy,Kolkata Knight Riders,4.0,26,1,0,6.5
2,Shardul Thakur,Kolkata Knight Riders,4.0,43,0,1,10.8
2,Sam Curran,Punjab Kings,3.0,38,1,0,12.7
2,Arshdeep Singh,Punjab Kings,3.0,19,3,0,6.3
2,Nathan Ellis,Punjab Kings,3.0,27,1,2,9.0
2,Sikandar Raza,Punjab Kings,3.0,25,1,0,8.3
2,Rishi Dhawan,Punjab Kings,1.0,15,0,0,15.0
2,Rahul Chahar,Punjab Kings,2.0,12,1,0,6.0
2,Harpreet Brar,Punjab Kings,1.0,7,0,0,7.0
3,Kyle Mayers,Lucknow Super Giants,1.0,7,0,0,7.0
3,Jaydev Unadkat,Lucknow Super Giants,3.0,39,0,0,13.0
3,Krishnappa Gowtham,Lucknow Super Giants,4.0,23,0,0,5.8
3,Avesh Khan,Lucknow Super Giants,4.0,29,2,0,7.3
3,Mark Wood,Lucknow Super Giants,4.0,14,5,1,3.5
3,Ravi Bishnoi,Lucknow Super Giants,4.0,31,2,0,7.8
3,Khaleel Ahmed,Delhi Capitals,4.0,30,2,0,7.5
3,Mukesh Kumar,Delhi Capitals,4.0,34,0,0,8.5
3,Chetan Sakariya,Delhi Capitals,4.0,53,2,0,13.3
3,Axar Patel,Delhi Capitals,4.0,38,1,0,9.5
3,Kuldeep Yadav,Delhi Capitals,4.0,35,1,0,8.8
4,Bhuvneshwar Kumar,Sunrisers Hyderabad,3.0,36,0,0,12.0
4,Fazalhaq Farooqi,Sunrisers Hyderabad,4.0,41,2,0,10.3
4,Washington Sundar,Sunrisers Hyderabad,3.0,32,0,0,10.7
4,T Natarajan,Sunrisers Hyderabad,3.0,23,2,0,7.7
4,Adil Rashid,Sunrisers Hyderabad,4.0,33,0,0,8.3
4,Umran Malik,Sunrisers Hyderabad,3.0,32,1,0,10.7
4,Trent Boult,Rajasthan Royals,4.0,21,2,0,5.3
4,KM Asif,Rajasthan Royals,3.0,15,0,0,5.0
4,Jason Holder,Rajasthan Royals,3.0,16,1,0,5.3
4,Ravichandran Ashwin,Rajasthan Royals,4.0,27,1,0,6.8
4,Yuzvendra Chahal,Rajasthan Royals,4.0,17,4,0,4.3
4,Navdeep Saini,Rajasthan Royals,2.0,34,0,3,17.0
5,Mohammed Siraj,Royal Challengers Bangalore,4.0,21,1,0,5.3
5,Reece Topley,Royal Challengers Bangalore,2.0,14,1,0,7.0
5,Akash Deep,Royal Challengers Bangalore,3.0,29,1,0,9.7
5,Harshal Patel,Royal Challengers Bangalore,4.0,43,1,1,10.8
5,Karn Sharma,Royal Challengers Bangalore,4.0,32,2,0,8.0
5,Michael Bracewell,Royal Challengers Bangalore,2.0,16,1,0,8.0
5,Glenn Maxwell,Royal Challengers Bangalore,1.0,16,1,0,16.0
5,Jason Behrendorff,Mumbai Indians,3.0,37,0,0,12.3
5,Arshad Khan,Mumbai Indians,2.2,28,1,0,12.7
5,Jofra Archer,Mumbai Indians,4.0,33,0,0,8.3
5,Piyush Chawla,Mumbai Indians,4.0,26,0,0,6.5
5,Cameron Green,Mumbai Indians,2.0,30,1,0,15.0
5,Hrithik Shokeen,Mumbai Indians,1.0,17,0,0,17.0
6,Kyle Mayers,Lucknow Super Giants,2.0,16,0,0,8.0
6,Avesh Khan,Lucknow Super Giants,3.0,39,1,0,13.0
6,Krunal Pandya,Lucknow Super Giants,2.0,21,0,0,10.5
6,Krishnappa Gowtham,Lucknow Super Giants,1.0,20,0,0,20.0
6,Mark Wood,Lucknow Super Giants,4.0,49,3,0,12.3
6,Yash Thakur,Lucknow Super Giants,4.0,36,0,1,9.0
6,Ravi Bishnoi,Lucknow Super Giants,4.0,28,3,0,7.0
6,Deepak Chahar,Chennai Super Kings,4.0,55,0,0,13.8
6,Ben Stokes,Chennai Super Kings,1.0,18,0,0,18.0
6,Tushar Deshpande,Chennai Super Kings,4.0,45,2,3,11.3
6,Moeen Ali,Chennai Super Kings,4.0,26,4,0,6.5
6,Mitchell Santner,Chennai Super Kings,4.0,21,1,0,5.3
6,RS Hangargekar,Chennai Super Kings,2.0,24,0,0,12.0
6,Ravindra Jadeja,Chennai Super Kings,1.0,14,0,0,14.0
7,Khaleel Ahmed,Delhi Capitals,4.0,38,1,0,9.5
7,Mukesh Kumar,Delhi Capitals,4.0,42,0,0,10.5
7,Anrich Nortje,Delhi Capitals,4.0,39,2,2,9.8
7,Mitchell Marsh,Delhi Capitals,3.1,24,1,1,7.7
7,Kuldeep Yadav,Delhi Capitals,3.0,18,0,0,6.0
7,Mohammed Shami,Gujarat Titans,4.0,41,3,0,10.3
7,Joshua Little,Gujarat Titans,4.0,27,0,0,6.8
7,Hardik Pandya,Gujarat Titans,3.0,18,0,0,6.0
7,Alzarri Joseph,Gujarat Titans,4.0,29,2,0,7.3
7,Yash Dayal,Gujarat Titans,1.0,12,0,0,12.0
7,Rashid Khan,Gujarat Titans,4.0,31,3,0,7.8
8,Sam Curran,Punjab Kings,4.0,44,0,0,11.0
8,Arshdeep Singh,Punjab Kings,4.0,47,2,0,11.8
8,Harpreet Brar,Punjab Kings,2.0,15,0,0,7.5
8,Nathan Ellis,Punjab Kings,4.0,30,4,0,7.5
8,Rahul Chahar,Punjab Kings,4.0,31,0,0,7.8
8,Sikandar Raza,Punjab Kings,2.0,24,0,0,12.0
8,Trent Boult,Rajasthan Royals,4.0,38,0,0,9.5
8,KM Asif,Rajasthan Royals,4.0,54,0,1,13.5
8,Ravichandran Ashwin,Rajasthan Royals,4.0,25,1,0,6.3
8,Jason Holder,Rajasthan Royals,4.0,29,2,0,7.3
8,Yuzvendra Chahal,Rajasthan Royals,4.0,50,1,0,12.5
9,Mohammed Siraj,Royal Challengers Bangalore,4.0,44,1,1,11.0
9,David Willey,Royal Challengers Bangalore,4.0,16,2,0,4.0
9,Akash Deep,Royal Challengers Bangalore,2.0,30,0,2,15.0
9,Michael Bracewell,Royal Challengers Bangalore,3.0,34,1,0,11.3
9,Shahbaz Ahmed,Royal Challengers Bangalore,1.0,6,0,0,6.0
9,Karn Sharma,Royal Challengers Bangalore,3.0,26,2,0,8.7
9,Harshal Patel,Royal Challengers Bangalore,3.0,38,1,0,12.7
9,Umesh Yadav,Kolkata Knight Riders,2.0,17,0,0,8.5
9,Tim Southee,Kolkata Knight Riders,2.0,25,0,0,12.5
9,Sunil Narine,Kolkata Knight Riders,4.0,16,2,0,4.0
9,Varun Chakaravarthy,Kolkata Knight Riders,3.4,15,4,0,4.4
9,Suyash Sharma,Kolkata Knight Riders,4.0,30,3,0,7.5
9,Shardul Thakur,Kolkata Knight Riders,2.0,15,1,0,7.5
10,Kyle Mayers,Lucknow Super Giants,1.0,5,0,0,5.0
10,Jaydev Unadkat,Lucknow Super Giants,3.0,26,0,0,8.7
10,Krunal Pandya,Lucknow Super Giants,4.0,18,3,0,4.5
10,Yash Thakur,Lucknow Super Giants,3.0,24,1,0,8.0
10,Ravi Bishnoi,Lucknow Super Giants,4.0,16,1,0,4.0
10,Deepak Hooda,Lucknow Super Giants,1.0,8,0,0,8.0
10,Amit Mishra,Lucknow Super Giants,4.0,23,2,0,5.8
10,Bhuvneshwar Kumar,Sunrisers Hyderabad,2.0,19,1,0,9.5
10,Washington Sundar,Sunrisers Hyderabad,1.0,11,0,0,11.0
10,Fazalhaq Farooqi,Sunrisers Hyderabad,3.0,13,1,0,4.3
10,Aiden Markram,Sunrisers Hyderabad,2.0,14,0,0,7.0
10,Adil Rashid,Sunrisers Hyderabad,3.0,23,2,0,7.7
10,T Natarajan,Sunrisers Hyderabad,3.0,23,0,0,7.7
10,Umran Malik,Sunrisers Hyderabad,2.0,22,1,0,11.0
11,Khaleel Ahmed,Delhi Capitals,2.0,31,0,0,15.5
11,Anrich Nortje,Delhi Capitals,4.0,44,0,0,11.0
11,Mukesh Kumar,Delhi Capitals,4.0,36,2,0,9.0
11,Axar Patel,Delhi Capitals,4.0,38,0,0,9.5
11,Kuldeep Yadav,Delhi Capitals,4.0,31,1,0,7.8
11,Rovman Powell,Delhi Capitals,2.0,18,1,1,9.0
11,Trent Boult,Rajasthan Royals,4.0,29,3,0,7.3
11,Sandeep Sharma,Rajasthan Royals,4.0,20,1,0,5.0
11,Ravichandran Ashwin,Rajasthan Royals,4.0,25,2,0,6.3
11,Jason Holder,Rajasthan Royals,3.0,28,0,0,9.3
11,Yuzvendra Chahal,Rajasthan Royals,4.0,27,3,0,6.8
11,Murugan Ashwin,Rajasthan Royals,1.0,11,0,1,11.0
12,Deepak Chahar,Chennai Super Kings,1.0,10,0,0,10.0
12,Tushar Deshpande,Chennai Super Kings,3.0,31,2,0,10.3
12,Sisanda Magala,Chennai Super Kings,4.0,37,1,0,9.3
12,Mitchell Santner,Chennai Super Kings,4.0,28,2,0,7.0
12,Ravindra Jadeja,Chennai Super Kings,4.0,20,3,0,5.0
12,Dwaine Pretorius,Chennai Super Kings,4.0,28,0,0,7.0
12,Jason Behrendorff,Mumbai Indians,3.0,24,1,0,8.0
12,Arshad Khan,Mumbai Indians,2.1,35,0,0,16.7
12,Cameron Green,Mumbai Indians,3.0,20,0,0,6.7
12,Piyush Chawla,Mumbai Indians,4.0,33,1,0,8.3
12,Kumar Kartikeya,Mumbai Indians,4.0,24,1,0,6.0
12,Hrithik Shokeen,Mumbai Indians,2.0,19,0,0,9.5
13,Mohammed Shami,Gujarat Titans,4.0,28,1,0,7.0
13,Joshua Little,Gujarat Titans,4.0,45,1,0,11.3
13,Alzarri Joseph,Gujarat Titans,4.0,27,2,0,6.8
13,Yash Dayal,Gujarat Titans,4.0,69,0,0,17.3
13,Rashid Khan,Gujarat Titans,4.0,37,3,0,9.3
13,Umesh Yadav,Kolkata Knight Riders,3.0,24,0,0,8.0
13,Shardul Thakur,Kolkata Knight Riders,3.0,40,0,0,13.3
13,Lockie Ferguson,Kolkata Knight Riders,4.0,40,0,1,10.0
13,Sunil Narine,Kolkata Knight Riders,4.0,33,3,0,8.3
13,Varun Chakaravarthy,Kolkata Knight Riders,2.0,27,0,0,13.5
13,Suyash Sharma,Kolkata Knight Riders,4.0,35,1,0,8.8
14,Bhuvneshwar Kumar,Sunrisers Hyderabad,4.0,33,1,0,8.3
14,Marco Jansen,Sunrisers Hyderabad,3.0,16,2,0,5.3
14,T Natarajan,Sunrisers Hyderabad,4.0,40,0,0,10.0
14,Washington Sundar,Sunrisers Hyderabad,1.0,6,0,0,6.0
14,Mayank Markande,Sunrisers Hyderabad,4.0,15,4,0,3.8
14,Umran Malik,Sunrisers Hyderabad,4.0,32,2,0,8.0
14,Sam Curran,Punjab Kings,3.0,14,0,0,4.7
14,Arshdeep Singh,Punjab Kings,3.0,20,1,0,6.7
14,Harpreet Brar,Punjab Kings,3.1,26,0,0,8.4
14,Nathan Ellis,Punjab Kings,3.0,28,0,0,9.3
14,Rahul Chahar,Punjab Kings,3.0,28,1,0,9.3
14,Mohit Rathee,Punjab Kings,2.0,29,0,0,14.5
15,Jaydev Unadkat,Lucknow Super Giants,2.0,27,0,0,13.5
15,Avesh Khan,Lucknow Super Giants,4.0,53,0,0,13.3
15,Krunal Pandya,Lucknow Super Giants,4.0,35,0,0,8.8
15,Mark Wood,Lucknow Super Giants,4.0,32,1,0,8.0
15,Ravi Bishnoi,Lucknow Super Giants,4.0,39,0,0,9.8
15,Amit Mishra,Lucknow Super Giants,2.0,18,1,0,9.0
15,Mohammed Siraj,Royal Challengers Bangalore,4.0,22,3,0,5.5
15,David Willey,Royal Challengers Bangalore,4.0,32,0,0,8.0
15,Wayne Parnell,Royal Challengers Bangalore,4.0,41,3,0,10.3
15,Harshal Patel,Royal Challengers Bangalore,4.0,48,2,0,12.0
15,Karn Sharma,Royal Challengers Bangalore,3.0,48,1,0,16.0
15,Shahbaz Ahmed,Royal Challengers Bangalore,1.0,15,0,0,15.0
16,Jason Behrendorff,Mumbai Indians,3.0,23,3,0,7.7
16,Arshad Khan,Mumbai Indians,1.0,12,0,0,12.0
16,Cameron Green,Mumbai Indians,3.0,30,0,0,10.0
16,Hrithik Shokeen,Mumbai Indians,4.0,43,1,1,10.8
16,Riley Meredith,Mumbai Indians,3.4,34,2,1,10.0
16,Piyush Chawla,Mumbai Indians,4.0,22,3,0,5.5
16,Tilak Varma,Mumbai Indians,1.0,7,0,0,7.0
16,Mukesh Kumar,Delhi Capitals,2.0,30,2,0,15.0
16,Mustafizur Rahman,Delhi Capitals,4.0,38,1,0,9.5
16,Anrich Nortje,Delhi Capitals,4.0,35,0,0,8.8
16,Lalit Yadav,Delhi Capitals,4.0,23,0,0,5.8
16,Axar Patel,Delhi Capitals,4.0,20,0,0,5.0
16,Kuldeep Yadav,Delhi Capitals,2.0,23,0,0,11.5
17,Akash Singh,Chennai Super Kings,4.0,40,2,0,10.0
17,Tushar Deshpande,Chennai Super Kings,4.0,37,2,0,9.3
17,Maheesh Theekshana,Chennai Super Kings,4.0,42,0,0,10.5
17,Ravindra Jadeja,Chennai Super Kings,4.0,21,2,0,5.3
17,Moeen Ali,Chennai Super Kings,2.0,21,1,0,10.5
17,Sisanda Magala,Chennai Super Kings,2.0,14,0,0,7.0
17,Sandeep Sharma,Rajasthan Royals,3.0,30,1,0,10.0
17,Kuldeep Sen,Rajasthan Royals,2.0,8,0,0,4.0
17,Jason Holder,Rajasthan Royals,3.0,37,0,0,12.3
17,Adam Zampa,Rajasthan Royals,4.0,43,1,0,10.8
17,Ravichandran Ashwin,Rajasthan Royals,4.0,25,2,0,6.3
17,Yuzvendra Chahal,Rajasthan Royals,4.0,27,2,0,6.8
18,Mohammed Shami,Gujarat Titans,4.0,44,1,0,11.0
18,Joshua Little,Gujarat Titans,4.0,31,1,0,7.8
18,Alzarri Joseph,Gujarat Titans,4.0,32,1,0,8.0
18,Mohit Sharma,Gujarat Titans,4.0,26,1,0,6.5
18,Rashid Khan,Gujarat Titans,4.0,18,2,0,4.5
18,Arshdeep Singh,Punjab Kings,4.0,33,1,0,8.3
18,Kagiso Rabada,Punjab Kings,4.0,36,1,0,9.0
18,Harpreet Brar,Punjab Kings,4.0,20,1,0,5.0
18,Sam Curran,Punjab Kings,3.5,25,1,0,7.1
18,Rahul Chahar,Punjab Kings,3.0,24,0,0,8.0
18,Matthew Short,Punjab Kings,1.0,8,0,0,8.0
19,Umesh Yadav,Kolkata Knight Riders,3.0,42,0,0,14.0
19,Lockie Ferguson,Kolkata Knight Riders,2.0,37,0,1,18.5
19,Sunil Narine,Kolkata Knight Riders,4.0,28,0,0,7.0
19,Andre Russell,Kolkata Knight Riders,2.1,22,3,0,10.5
19,Varun Chakaravarthy,Kolkata Knight Riders,4.0,41,1,0,10.3
19,Suyash Sharma,Kolkata Knight Riders,4.0,44,0,0,11.0
19,Shardul Thakur,Kolkata Knight Riders,0.5,14,0,0,28.0
19,Bhuvneshwar Kumar,Sunrisers Hyderabad,4.0,29,1,0,7.3
19,Marco Jansen,Sunrisers Hyderabad,4.0,37,2,2,9.3
19,T Natarajan,Sunrisers Hyderabad,4.0,54,1,0,13.5
19,Umran Malik,Sunrisers Hyderabad,2.0,36,1,0,18.0
19,Mayank Markande,Sunrisers Hyderabad,4.0,27,2,0,6.8
19,Washington Sundar,Sunrisers Hyderabad,2.0,20,0,0,10.0
20,Anrich Nortje,Delhi Capitals,4.0,31,0,1,7.8
20,Axar Patel,Delhi Capitals,3.0,25,1,0,8.3
20,Mustafizur Rahman,Delhi Capitals,3.0,41,0,0,13.7
20,Mitchell Marsh,Delhi Capitals,2.0,18,2,0,9.0
20,Lalit Yadav,Delhi Capitals,4.0,29,1,0,7.3
20,Kuldeep Yadav,Delhi Capitals,4.0,23,2,0,5.8
20,Mohammed Siraj,Royal Challengers Bangalore,4.0,23,2,0,5.8
20,Wayne Parnell,Royal Challengers Bangalore,4.0,28,1,0,7.0
20,Vijaykumar Vyshak,Royal Challengers Bangalore,4.0,20,3,0,5.0
20,Shahbaz Ahmed,Royal Challengers Bangalore,1.0,11,0,0,11.0
20,Wanindu Hasaranga,Royal Challengers Bangalore,3.0,37,1,0,12.3
20,Harshal Patel,Royal Challengers Bangalore,4.0,32,1,0,8.0
21,Matthew Short,Punjab Kings,2.0,10,0,0,5.0
21,Arshdeep Singh,Punjab Kings,3.0,22,1,0,7.3
21,Kagiso Rabada,Punjab Kings,4.0,34,2,0,8.5
21,Sam Curran,Punjab Kings,4.0,31,3,0,7.8
21,Harpreet Brar,Punjab Kings,2.0,10,1,0,5.0
21,Sikandar Raza,Punjab Kings,2.0,19,1,1,9.5
21,Rahul Chahar,Punjab Kings,3.0,28,0,0,9.3
21,Yudhvir Singh Charak,Lucknow Super Giants,3.0,19,2,0,6.3
21,Avesh Khan,Lucknow Super Giants,3.0,24,0,0,8.0
21,Mark Wood,Lucknow Super Giants,4.0,35,2,0,8.8
21,Krishnappa Gowtham,Lucknow Super Giants,4.0,31,1,0,7.8
21,Krunal Pandya,Lucknow Super Giants,3.0,32,1,0,10.7
21,Ravi Bishnoi,Lucknow Super Giants,2.3,18,2,0,7.8
22,Arjun Tendulkar,Mumbai Indians,2.0,17,0,0,8.5
22,Cameron Green,Mumbai Indians,2.0,20,1,0,10.0
22,Duan Jansen,Mumbai Indians,4.0,53,1,0,13.3
22,Piyush Chawla,Mumbai Indians,4.0,19,1,0,4.8
22,Hrithik Shokeen,Mumbai Indians,4.0,34,2,0,8.5
22,Riley Meredith,Mumbai Indians,4.0,40,1,0,10.0
22,Umesh Yadav,Kolkata Knight Riders,2.0,19,0,0,9.5
22,Shardul Thakur,Kolkata Knight Riders,2.0,25,1,0,12.5
22,Sunil Narine,Kolkata Knight Riders,3.0,41,0,0,13.7
22,Suyash Sharma,Kolkata Knight Riders,4.0,17,2,0,4.3
22,Varun Chakaravarthy,Kolkata Knight Riders,4.0,38,1,0,9.5
22,Lockie Ferguson,Kolkata Knight Riders,1.4,19,1,0,13.6
22,Andre Russell,Kolkata Knight Riders,1.0,17,0,0,17.0
23,Trent Boult,Rajasthan Royals,4.0,46,1,0,11.5
23,Sandeep Sharma,Rajasthan Royals,4.0,25,2,0,6.3
23,Adam Zampa,Rajasthan Royals,4.0,32,1,0,8.0
23,Ravichandran Ashwin,Rajasthan Royals,4.0,37,0,0,9.3
23,Yuzvendra Chahal,Rajasthan Royals,4.0,36,1,0,9.0
23,Mohammed Shami,Gujarat Titans,4.0,25,3,0,6.3
23,Hardik Pandya,Gujarat Titans,4.0,24,1,0,6.0
23,Alzarri Joseph,Gujarat Titans,3.0,47,0,0,15.7
23,Rashid Khan,Gujarat Titans,4.0,46,2,0,11.5
23,Mohit Sharma,Gujarat Titans,2.0,7,0,0,3.5
23,Noor Ahmad,Gujarat Titans,2.2,29,1,0,13.2
24,Mohammed Siraj,Royal Challengers Bangalore,4.0,30,1,0,7.5
24,Wayne Parnell,Royal Challengers Bangalore,4.0,48,1,0,12.0
24,Vijaykumar Vyshak,Royal Challengers Bangalore,4.0,62,1,0,15.5
24,Glenn Maxwell,Royal Challengers Bangalore,2.4,28,1,0,11.7
24,Wanindu Hasaranga,Royal Challengers Bangalore,2.0,21,1,0,10.5
24,Harshal Patel,Royal Challengers Bangalore,3.2,36,1,2,11.3
24,Akash Singh,Chennai Super Kings,3.0,35,1,0,11.7
24,Tushar Deshpande,Chennai Super Kings,4.0,45,3,0,11.3
24,Maheesh Theekshana,Chennai Super Kings,4.0,41,1,0,10.3
24,Ravindra Jadeja,Chennai Super Kings,4.0,37,0,0,9.3
24,Matheesha Pathirana,Chennai Super Kings,4.0,42,2,0,10.5
24,Moeen Ali,Chennai Super Kings,1.0,13,1,0,13.0
25,Arjun Tendulkar,Mumbai Indians,2.5,18,1,0,7.2
25,Jason Behrendorff,Mumbai Indians,4.0,37,2,0,9.3
25,Riley Meredith,Mumbai Indians,4.0,33,2,0,8.3
25,Hrithik Shokeen,Mumbai Indians,1.0,12,0,0,12.0
25,Piyush Chawla,Mumbai Indians,4.0,43,2,0,10.8
25,Cameron Green,Mumbai Indians,4.0,29,1,0,7.3
25,Bhuvneshwar Kumar,sunrisers Hyderabad,4.0,31,1,0,7.8
25,Marco Jansen,sunrisers Hyderabad,4.0,43,2,0,10.8
25,Washington Sundar,sunrisers Hyderabad,4.0,33,0,0,8.3
25,T Natarajan,sunrisers Hyderabad,4.0,50,1,0,12.5
25,Mayank Markande,sunrisers Hyderabad,4.0,35,0,0,8.8
26,Trent Boult,Rajasthan Royals,4.0,16,1,0,4.0
26,Sandeep Sharma,Rajasthan Royals,4.0,32,1,1,8.0
26,Ravichandran Ashwin,Rajasthan Royals,4.0,23,2,0,5.8
26,Yuzvendra Chahal,Rajasthan Royals,4.0,41,0,0,10.3
26,Jason Holder,Rajasthan Royals,4.0,38,1,0,9.5
26,Naveen-ul-Haq,Lucknow Super Giants,4.0,19,0,0,4.8
26,Yudhvir Singh Charak,Lucknow Super Giants,2.0,27,0,0,13.5
26,Avesh Khan,Lucknow Super Giants,4.0,25,3,0,6.3
26,Marco Jansen,Lucknow Super Giants,4.0,28,2,0,7.0
26,Ravi Bishnoi,Lucknow Super Giants,4.0,25,0,1,6.3
26,Amit Mishra,Lucknow Super Giants,2.0,15,0,0,7.5
27,Mohammed Siraj,Royal Challengers Bangalore,4.0,21,4,0,5.3
27,Wayne Parnell,Royal Challengers Bangalore,3.0,32,1,0,10.7
27,Wanindu Hasaranga,Royal Challengers Bangalore,4.0,39,2,0,9.8
27,Vijaykumar Vyshak,Royal Challengers Bangalore,3.0,29,0,0,9.7
27,Glenn Maxwell,Royal Challengers Bangalore,1.0,5,0,0,5.0
27,Harshal Patel,Royal Challengers Bangalore,3.2,22,1,1,6.9
27,Arshdeep Singh,Punjab Kings,4.0,34,1,0,8.5
27,Harpreet Brar,Punjab Kings,3.0,31,2,0,10.3
27,Nathan Ellis,Punjab Kings,4.0,41,1,0,10.3
27,Sam Curran,Punjab Kings,4.0,27,0,1,6.8
27,Rahul Chahar,Punjab Kings,4.0,24,0,0,6.0
27,Liam Livingstone,Punjab Kings,1.0,9,0,0,9.0
28,Ishant Sharma,Delhi Capitals,4.0,19,2,0,4.8
28,Mukesh Kumar,Delhi Capitals,4.0,34,1,0,8.5
28,Anrich Nortje,Delhi Capitals,4.0,20,2,0,5.0
28,Axar Patel,Delhi Capitals,3.0,13,2,0,4.3
28,Mitchell Marsh,Delhi Capitals,2.0,25,0,0,12.5
28,Kuldeep Yadav,Delhi Capitals,3.0,15,2,0,5.0
28,Umesh Yadav,Kolkata Knight Riders,1.0,6,0,0,6.0
28,Kulwant Khejroliya,Kolkata Knight Riders,1.2,20,0,0,16.7
28,Andre Russell,Kolkata Knight Riders,1.0,12,0,0,12.0
28,Sunil Narine,Kolkata Knight Riders,4.0,36,0,0,9.0
28,Varun Chakaravarthy,Kolkata Knight Riders,4.0,16,2,0,4.0
28,Anukul Roy,Kolkata Knight Riders,4.0,19,2,0,4.8
28,Nitish Rana,Kolkata Knight Riders,4.0,17,2,0,4.3
29,Bhuvneshwar Kumar,sunrisers Hyderabad,2.0,10,0,0,5.0
29,Marco Jansen,sunrisers Hyderabad,3.0,37,0,0,12.3
29,Aiden Markram,sunrisers Hyderabad,1.0,11,0,0,11.0
29,Washington Sundar,sunrisers Hyderabad,2.4,16,0,0,6.7
29,Mayank Markande,sunrisers Hyderabad,4.0,23,2,0,5.8
29,Umran Malik,sunrisers Hyderabad,3.0,18,0,0,6.0
29,Mayank Dagar,sunrisers Hyderabad,3.0,21,0,0,7.0
29,Akash Singh,Chennai Super Kings,3.0,17,1,0,5.7
29,Tushar Deshpande,Chennai Super Kings,3.0,26,0,0,8.7
29,Ravindra Jadeja,Chennai Super Kings,4.0,27,1,0,6.8
29,Maheesh Theekshana,Chennai Super Kings,2.0,18,0,0,9.0
29,Moeen Ali,Chennai Super Kings,4.0,22,3,0,5.5
29,Matheesha Pathirana,Chennai Super Kings,4.0,22,1,0,5.5
30,Naveen-ul-Haq,Lucknow Super Giants,4.0,19,1,0,4.8
30,Krunal Pandya,Lucknow Super Giants,4.0,16,2,0,4.0
30,Avesh Khan,Lucknow Super Giants,3.0,21,0,0,7.0
30,Ravi Bishnoi,Lucknow Super Giants,4.0,49,0,0,12.3
30,Marcus Stoinis,Lucknow Super Giants,3.0,20,2,0,6.7
30,Amit Mishra,Lucknow Super Giants,2.0,9,1,0,4.5
30,Mohammed Shami,Gujarat Titans,3.0,18,0,0,6.0
30,Jayant Yadav,Gujarat Titans,4.0,26,0,0,6.5
30,Rashid Khan,Gujarat Titans,4.0,33,1,0,8.3
30,Mohit Sharma,Gujarat Titans,3.0,17,2,0,5.7
30,Noor Ahmad,Gujarat Titans,4.0,18,2,0,4.5
30,Hardik Pandya,Gujarat Titans,1.0,7,0,0,7.0
30,Rahul Tewatia,Gujarat Titans,1.0,8,0,0,8.0
31,Arjun Tendulkar,Mumbai Indians,3.0,48,1,1,16.0
31,Jason Behrendorff,Mumbai Indians,3.0,41,1,0,13.7
31,Cameron Green,Mumbai Indians,4.0,41,2,0,10.3
31,Jofra Archer,Mumbai Indians,4.0,42,1,0,10.5
31,Piyush Chawla,Mumbai Indians,3.0,15,2,0,5.0
31,Hrithik Shokeen,Mumbai Indians,3.0,24,0,1,8.0
31,Matthew Short,Punjab Kings,1.0,7,0,0,7.0
31,Arshdeep Singh,Punjab Kings,4.0,29,4,0,7.3
31,Harpreet Brar,Punjab Kings,2.0,15,0,0,7.5
31,Sam Curran,Punjab Kings,3.0,41,0,0,13.7
31,Nathan Ellis,Punjab Kings,4.0,44,1,0,11.0
31,Rahul Chahar,Punjab Kings,4.0,42,0,0,10.5
31,Liam Livingstone,Punjab Kings,2.0,13,1,0,6.5
32,Trent Boult,Rajasthan Royals,4.0,41,2,0,10.3
32,Sandeep Sharma,Rajasthan Royals,4.0,49,2,0,12.3
32,Ravichandran Ashwin,Rajasthan Royals,4.0,36,1,0,9.0
32,Yuzvendra Chahal,Rajasthan Royals,4.0,28,1,0,7.0
32,Jason Holder,Rajasthan Royals,4.0,32,0,0,8.0
32,Mohammed Siraj,Royal Challengers Bangalore,4.0,39,1,0,9.8
32,David Willey,Royal Challengers Bangalore,4.0,26,1,0,6.5
32,Vijaykumar Vyshak,Royal Challengers Bangalore,2.0,24,0,0,12.0
32,Glenn Maxwell,Royal Challengers Bangalore,2.0,25,0,0,12.5
32,Harshal Patel,Royal Challengers Bangalore,4.0,32,3,0,8.0
32,Wanindu Hasaranga,Royal Challengers Bangalore,4.0,32,0,0,8.0
33,Umesh Yadav,Kolkata Knight Riders,3.0,35,0,0,11.7
33,David Wiese,Kolkata Knight Riders,3.0,38,0,0,12.7
33,Varun Chakaravarthy,Kolkata Knight Riders,4.0,49,1,0,12.3
33,Kulwant Khejroliya,Kolkata Knight Riders,3.0,44,2,1,14.7
33,Sunil Narine,Kolkata Knight Riders,2.0,23,0,0,11.5
33,Suyash Sharma,Kolkata Knight Riders,4.0,29,1,0,7.3
33,Andre Russell,Kolkata Knight Riders,1.0,17,0,0,17.0
33,Akash Singh,Chennai Super Kings,4.0,29,1,0,7.3
33,Tushar Deshpande,Chennai Super Kings,4.0,43,2,0,10.8
33,Maheesh Theekshana,Chennai Super Kings,4.0,32,2,0,8.0
33,Moeen Ali,Chennai Super Kings,1.0,20,1,0,20.0
33,Ravindra Jadeja,Chennai Super Kings,3.0,34,1,0,11.3
33,Matheesha Pathirana,Chennai Super Kings,4.0,27,1,0,6.8
34,Bhuvneshwar Kumar,Sunrisers Hyderabad,4.0,11,2,0,2.8
34,Marco Jansen,Sunrisers Hyderabad,2.0,27,0,0,13.5
34,Washington Sundar,Sunrisers Hyderabad,4.0,28,3,0,7.0
34,T Natarajan,Sunrisers Hyderabad,3.0,21,1,0,7.0
34,Mayank Markande,Sunrisers Hyderabad,4.0,34,0,0,8.5
34,Umran Malik,Sunrisers Hyderabad,2.0,14,0,0,7.0
34,Aiden Markram,Sunrisers Hyderabad,1.0,7,0,0,7.0
34,Ishant Sharma,Delhi Capitals,3.0,18,1,0,6.0
34,Anrich Nortje,Delhi Capitals,4.0,33,2,0,8.3
34,Mukesh Kumar,Delhi Capitals,3.0,27,0,0,9.0
34,Axar Patel,Delhi Capitals,4.0,21,2,0,5.3
34,Kuldeep Yadav,Delhi Capitals,4.0,22,1,0,5.5
34,Mitchell Marsh,Delhi Capitals,2.0,16,0,1,8.0
35,Arjun Tendulkar,Mumbai Indians,2.0,9,1,0,4.5
35,Jason Behrendorff,Mumbai Indians,4.0,37,1,0,9.3
35,Riley Meredith,Mumbai Indians,4.0,49,1,0,12.3
35,Cameron Green,Mumbai Indians,2.0,39,0,0,19.5
35,Piyush Chawla,Mumbai Indians,4.0,34,2,0,8.5
35,Kumar Kartikeya,Mumbai Indians,4.0,39,1,0,9.8
35,Mohammed Shami,Gujarat Titans,4.0,18,0,0,4.5
35,Hardik Pandya,Gujarat Titans,2.0,10,1,0,5.0
35,Rashid Khan,Gujarat Titans,4.0,27,2,0,6.8
35,Noor Ahmad,Gujarat Titans,4.0,37,3,0,9.3
35,Mohit Sharma,Gujarat Titans,4.0,38,2,0,9.5
35,Joshua Little,Gujarat Titans,2.0,18,0,0,9.0
36,Mohammed Siraj,Royal Challengers Bangalore,4.0,33,1,0,8.3
36,David Willey,Royal Challengers Bangalore,3.0,31,0,0,10.3
36,Wanindu Hasaranga,Royal Challengers Bangalore,4.0,24,2,0,6.0
36,Shahbaz Ahmed,Royal Challengers Bangalore,1.0,25,0,0,25.0
36,Vijaykumar Vyshak,Royal Challengers Bangalore,4.0,41,2,0,10.3
36,Harshal Patel,Royal Challengers Bangalore,4.0,44,0,0,11.0
36,Vaibhav Arora,Kolkata Knight Riders,2.0,22,0,0,11.0
36,Umesh Yadav,Kolkata Knight Riders,1.0,19,0,0,19.0
36,Suyash Sharma,Kolkata Knight Riders,4.0,30,2,0,7.5
36,Varun Chakaravarthy,Kolkata Knight Riders,4.0,27,3,0,6.8
36,Andre Russell,Kolkata Knight Riders,4.0,29,2,0,7.3
36,Sunil Narine,Kolkata Knight Riders,4.0,41,0,0,10.3
36,Nitish Rana,Kolkata Knight Riders,1.0,8,0,0,8.0
37,Akash Singh,Chennai Super Kings,2.0,31,0,0,15.5
37,Tushar Deshpande,Chennai Super Kings,4.0,42,2,0,10.5
37,Maheesh Theekshana,Chennai Super Kings,4.0,24,1,0,6.0
37,Ravindra Jadeja,Chennai Super Kings,4.0,32,1,0,8.0
37,Moeen Ali,Chennai Super Kings,2.0,17,0,0,8.5
37,Matheesha Pathirana,Chennai Super Kings,4.0,48,0,0,12.0
37,Sandeep Sharma,Rajasthan Royals,4.0,24,0,0,6.0
37,Kuldip Yadav,Rajasthan Royals,3.0,18,1,0,6.0
37,Jason Holder,Rajasthan Royals,4.0,49,0,0,12.3
37,Ravichandran Ashwin,Rajasthan Royals,4.0,35,2,0,8.8
37,Adam Zampa,Rajasthan Royals,3.0,22,3,0,7.3
37,Yuzvendra Chahal,Rajasthan Royals,2.0,21,0,0,10.5
38,Gurnoor Brar,Punjab Kings,3.0,48,0,2,16.0
38,Arshdeep Singh,Punjab Kings,4.0,54,1,0,13.5
38,Kagiso Rabada,Punjab Kings,4.0,52,2,2,13.0
38,Sikandar Raza,Punjab Kings,1.0,17,0,0,17.0
38,Rahul Chahar,Punjab Kings,4.0,29,0,0,7.3
38,Sam Curran,Punjab Kings,3.0,38,1,0,12.7
38,Liam Livingstone,Punjab Kings,1.0,19,1,0,19.0
38,Marcus Stoinis,Lucknow Super Giants,1.5,21,1,0,14.0
38,Kyle Mayers,Lucknow Super Giants,1.0,4,0,0,4.0
38,Ayush Badoni,Lucknow Super Giants,0.1,0,0,0,0.0
38,Naveen-ul-Haq,Lucknow Super Giants,4.0,30,3,1,7.5
38,Avesh Khan,Lucknow Super Giants,2.0,28,0,0,14.0
38,Amit Mishra,Lucknow Super Giants,2.0,23,0,0,11.5
38,Ravi Bishnoi,Lucknow Super Giants,4.0,41,2,1,10.3
38,Yash Thakur,Lucknow Super Giants,3.5,37,4,0,10.6
38,Krunal Pandya,Lucknow Super Giants,1.0,13,0,0,13.0
39,Mohammed Shami,Gujarat Titans,4.0,33,3,0,8.3
39,Hardik Pandya,Gujarat Titans,3.0,34,0,0,11.3
39,Rashid Khan,Gujarat Titans,4.0,54,0,0,13.5
39,Joshua Little,Gujarat Titans,4.0,25,2,0,6.3
39,Noor Ahmad,Gujarat Titans,4.0,21,2,0,5.3
39,Mohit Sharma,Gujarat Titans,1.0,12,0,0,12.0
39,Harshit Rana,Kolkata Knight Riders,3.0,25,1,0,8.3
39,Andre Russell,Kolkata Knight Riders,3.0,29,1,0,9.7
39,Varun Chakaravarthy,Kolkata Knight Riders,4.0,42,0,0,10.5
39,Suyash Sharma,Kolkata Knight Riders,4.0,37,0,0,9.3
39,Sunil Narine,Kolkata Knight Riders,3.0,24,1,0,8.0
39,Nitish Rana,Kolkata Knight Riders,0.5,14,0,0,28.0
40,Bhuvneshwar Kumar,Sunrisers Hyderabad,4.0,45,1,0,11.3
40,Akeal Hosein,Sunrisers Hyderabad,4.0,40,1,0,10.0
40,T Natarajan,Sunrisers Hyderabad,4.0,34,1,0,8.5
40,Umran Malik,Sunrisers Hyderabad,1.0,22,0,0,22.0
40,Mayank Markande,Sunrisers Hyderabad,4.0,20,2,0,5.0
40,Abhishek Sharma,Sunrisers Hyderabad,3.0,26,1,0,8.7
40,Ishant Sharma,Delhi Capitals,3.0,31,1,0,10.3
40,Anrich Nortje,Delhi Capitals,4.0,44,0,0,11.0
40,Mukesh Kumar,Delhi Capitals,2.0,38,0,1,19.0
40,Mitchell Marsh,Delhi Capitals,4.0,27,4,0,6.8
40,Kuldeep Yadav,Delhi Capitals,3.0,27,0,0,9.0
40,Axar Patel,Delhi Capitals,4.0,29,1,0,7.3
41,Arshdeep Singh,Punjab Kings,4.0,37,1,0,9.3
41,Kagiso Rabada,Punjab Kings,4.0,34,0,0,8.5
41,Sam Curran,Punjab Kings,4.0,46,1,0,11.5
41,Rahul Chahar,Punjab Kings,4.0,35,1,0,8.8
41,Sikandar Raza,Punjab Kings,3.0,31,1,0,10.3
41,Liam Livingstone,Punjab Kings,1.0,16,0,0,16.0
41,Akash Singh,Chennai Super Kings,3.0,35,0,0,11.7
41,Tushar Deshpande,Chennai Super Kings,4.0,49,3,0,12.3
41,Maheesh Theekshana,Chennai Super Kings,4.0,36,0,0,9.0
41,Ravindra Jadeja,Chennai Super Kings,4.0,32,2,0,8.0
41,Moeen Ali,Chennai Super Kings,1.0,10,0,0,10.0
41,Matheesha Pathirana,Chennai Super Kings,4.0,32,1,0,8.0
42,Cameron Green,Mumbai Indians,3.0,31,0,0,10.3
42,Jofra Archer,Mumbai Indians,4.0,35,1,1,8.8
42,Riley Meredith,Mumbai Indians,4.0,51,1,0,12.8
42,Piyush Chawla,Mumbai Indians,4.0,34,2,0,8.5
42,Kumar Kartikeya,Mumbai Indians,2.0,14,0,0,7.0
42,Arshad Khan,Mumbai Indians,3.0,39,3,0,13.0
42,Trent Boult,Rajasthan Royals,4.0,43,1,0,10.8
42,Sandeep Sharma,Rajasthan Royals,4.0,35,1,0,8.8
42,Jason Holder,Rajasthan Royals,3.3,55,0,0,16.7
42,Ravichandran Ashwin,Rajasthan Royals,4.0,27,2,0,6.8
42,Yuzvendra Chahal,Rajasthan Royals,3.0,32,0,0,10.7
42,Kuldeep Sen,Rajasthan Royals,1.0,20,0,1,20.0
43,Krunal Pandya,Lucknow Super Giants,4.0,21,0,0,5.3
43,Marcus Stoinis,Lucknow Super Giants,1.0,11,0,0,11.0
43,Naveen-ul-Haq,Lucknow Super Giants,4.0,30,3,0,7.5
43,Ravi Bishnoi,Lucknow Super Giants,4.0,21,2,0,5.3
43,Amit Mishra,Lucknow Super Giants,3.0,21,2,0,7.0
43,Yash Thakur,Lucknow Super Giants,2.0,12,0,2,6.0
43,Krishnappa Gowtham,Lucknow Super Giants,2.0,10,1,0,5.0
43,Mohammed Siraj,Royal Challengers Bangalore,3.0,24,1,1,8.0
43,Josh Hazlewood,Royal Challengers Bangalore,3.0,15,2,1,5.0
43,Glenn Maxwell,Royal Challengers Bangalore,1.0,3,1,0,3.0
43,Wanindu Hasaranga,Royal Challengers Bangalore,4.0,20,1,0,5.0
43,Karn Sharma,Royal Challengers Bangalore,4.0,20,2,0,5.0
43,Harshal Patel,Royal Challengers Bangalore,3.5,20,1,0,5.7
43,Mahipal Lomror,Royal Challengers Bangalore,1.0,4,0,0,4.0
44,Mohammed Shami,Gujarat Titans,4.0,11,4,0,2.8
44,Hardik Pandya,Gujarat Titans,1.0,0,0,0,0.0
44,Rashid Khan,Gujarat Titans,4.0,28,1,1,7.0
44,Joshua Little,Gujarat Titans,3.0,27,0,0,9.0
44,Noor Ahmad,Gujarat Titans,4.0,20,0,2,5.0
44,Mohit Sharma,Gujarat Titans,4.0,33,2,0,8.3
44,Khaleel Ahmed,Delhi Capitals,4.0,24,2,0,6.0
44,Ishant Sharma,Delhi Capitals,4.0,23,2,0,5.8
44,Anrich Nortje,Delhi Capitals,4.0,39,1,0,9.8
44,Kuldeep Yadav,Delhi Capitals,4.0,15,1,0,3.8
44,Axar Patel,Delhi Capitals,4.0,24,0,0,6.0
45,Deepak Chahar,Chennai Super Kings,4.0,41,0,0,10.3
45,Tushar Deshpande,Chennai Super Kings,1.0,1,0,0,1.0
45,Moeen Ali,Chennai Super Kings,4.0,13,2,0,3.3
45,Maheesh Theekshana,Chennai Super Kings,4.0,37,2,0,9.3
45,Ravindra Jadeja,Chennai Super Kings,3.0,11,1,0,3.7
45,Matheesha Pathirana,Chennai Super Kings,3.2,22,2,0,6.9
46,Cameron Green,Mumbai Indians,2.0,15,0,0,7.5
46,Arshad Khan,Mumbai Indians,4.0,48,1,0,12.0
46,Jofra Archer,Mumbai Indians,4.0,56,0,1,14.0
46,Piyush Chawla,Mumbai Indians,4.0,29,2,0,7.3
46,Kumar Kartikeya,Mumbai Indians,3.0,24,0,0,8.0
46,Akash Madhwal,Mumbai Indians,3.0,37,0,1,12.3
46,Rishi Dhawan,Punjab Kings,3.0,20,1,0,6.7
46,Arshdeep Singh,Punjab Kings,3.5,66,1,0,18.9
46,Sam Curran,Punjab Kings,3.0,41,0,0,13.7
46,Nathan Ellis,Punjab Kings,4.0,34,2,0,8.5
46,Rahul Chahar,Punjab Kings,3.0,30,0,0,10.0
46,Harpreet Brar,Punjab Kings,2.0,21,0,0,10.5
47,Bhuvneshwar Kumar,Sunrisers Hyderabad,4.0,33,1,0,8.3
47,Marco Jansen,Sunrisers Hyderabad,3.0,24,2,1,8.0
47,Kartik Tyagi,Sunrisers Hyderabad,2.0,30,1,1,15.0
47,Aiden Markram,Sunrisers Hyderabad,3.0,24,1,0,8.0
47,T Natarajan,Sunrisers Hyderabad,4.0,30,2,0,7.5
47,Mayank Markande,Sunrisers Hyderabad,4.0,29,1,0,7.3
47,Harshit Rana,Kolkata Knight Riders,4.0,27,1,0,6.8
47,Vaibhav Arora,Kolkata Knight Riders,3.0,32,2,2,10.7
47,Shardul Thakur,Kolkata Knight Riders,3.0,23,2,0,7.7
47,Andre Russell,Kolkata Knight Riders,1.0,15,1,1,15.0
47,Anukul Roy,Kolkata Knight Riders,3.0,26,1,0,8.7
47,Sunil Narine,Kolkata Knight Riders,2.0,16,0,0,8.0
47,Varun Chakaravarthy,Kolkata Knight Riders,4.0,20,1,0,5.0
48,Mohammed Shami,Gujarat Titans,4.0,27,1,0,6.8
48,Hardik Pandya,Gujarat Titans,2.0,22,1,0,11.0
48,Rashid Khan,Gujarat Titans,4.0,14,3,0,3.5
48,Joshua Little,Gujarat Titans,4.0,24,1,0,6.0
48,Noor Ahmad,Gujarat Titans,3.0,25,2,0,8.3
48,Mohit Sharma,Gujarat Titans,0.5,5,0,0,10.0
48,Trent Boult,Rajasthan Royals,3.0,28,0,0,9.3
48,Sandeep Sharma,Rajasthan Royals,3.0,19,0,1,6.3
48,Adam Zampa,Rajasthan Royals,3.0,40,0,0,13.3
48,Yuzvendra Chahal,Rajasthan Royals,3.5,22,1,0,6.3
48,Ravichandran Ashwin,Rajasthan Royals,1.0,8,0,0,8.0
49,Deepak Chahar,Chennai Super Kings,3.0,18,2,0,6.0
49,Tushar Deshpande,Chennai Super Kings,4.0,26,2,0,6.5
49,Ravindra Jadeja,Chennai Super Kings,4.0,37,1,0,9.3
49,Moeen Ali,Chennai Super Kings,1.0,10,0,0,10.0
49,Maheesh Theekshana,Chennai Super Kings,4.0,28,0,0,7.0
49,Matheesha Pathirana,Chennai Super Kings,4.0,15,3,0,3.8
49,Cameron Green,Mumbai Indians,1.0,10,0,1,10.0
49,Jofra Archer,Mumbai Indians,4.0,24,0,0,6.0
49,Arshad Khan,Mumbai Indians,1.4,28,0,0,20.0
49,Piyush Chawla,Mumbai Indians,4.0,25,2,0,6.3
49,Raghav Goyal,Mumbai Indians,4.0,33,0,0,8.3
49,Tristan Stubbs,Mumbai Indians,2.0,14,1,0,7.0
49,Akash Madhwal,Mumbai Indians,1.0,4,1,0,4.0
50,Mohammed Siraj,Royal Challengers Bangalore,2.0,28,0,0,14.0
50,Glenn Maxwell,Royal Challengers Bangalore,1.4,14,0,0,10.0
50,Josh Hazlewood,Royal Challengers Bangalore,3.0,29,1,1,9.7
50,Wanindu Hasaranga,Royal Challengers Bangalore,4.0,32,0,0,8.0
50,Karn Sharma,Royal Challengers Bangalore,3.0,33,1,0,11.0
50,Mahipal Lomror,Royal Challengers Bangalore,1.0,16,0,0,16.0
50,Harshal Patel,Royal Challengers Bangalore,2.0,32,1,0,16.0
50,Khaleel Ahmed,Delhi Capitals,4.0,45,1,0,11.3
50,Axar Patel,Delhi Capitals,3.0,17,0,0,5.7
50,Ishant Sharma,Delhi Capitals,3.0,29,0,0,9.7
50,Mukesh Kumar,Delhi Capitals,3.0,30,1,0,10.0
50,Mitchell Marsh,Delhi Capitals,3.0,21,2,0,7.0
50,Kuldeep Yadav,Delhi Capitals,4.0,37,0,0,9.3
51,Mohsin Khan,Lucknow Super Giants,3.0,42,1,0,14.0
51,Avesh Khan,Lucknow Super Giants,4.0,34,1,0,8.5
51,Krunal Pandya,Lucknow Super Giants,4.0,38,0,0,9.5
51,Yash Thakur,Lucknow Super Giants,4.0,48,0,0,12.0
51,Ravi Bishnoi,Lucknow Super Giants,2.0,21,0,0,10.5
51,Kyle Mayers,Lucknow Super Giants,1.0,16,0,1,16.0
51,Swapnil Singh,Lucknow Super Giants,1.0,7,0,0,7.0
51,Marcus Stoinis,Lucknow Super Giants,1.0,20,0,0,20.0
51,Mohammed Shami,Gujarat Titans,4.0,37,1,0,9.3
51,Hardik Pandya,Gujarat Titans,3.0,37,0,0,12.3
51,Rashid Khan,Gujarat Titans,4.0,34,1,0,8.5
51,Noor Ahmad,Gujarat Titans,4.0,26,1,0,6.5
51,Mohit Sharma,Gujarat Titans,4.0,29,4,0,7.3
51,Alzarri Joseph,Gujarat Titans,1.0,5,0,0,5.0
52,Bhuvneshwar Kumar,Sunrisers Hyderabad,4.0,44,1,0,11.0
52,Marco Jansen,Sunrisers Hyderabad,4.0,44,1,0,11.0
52,T Natarajan,Sunrisers Hyderabad,4.0,36,0,0,9.0
52,Mayank Markande,Sunrisers Hyderabad,4.0,51,0,0,12.8
52,Abhishek Sharma,Sunrisers Hyderabad,2.0,15,0,0,7.5
52,Vivrant Sharma,Sunrisers Hyderabad,2.0,18,0,0,9.0
52,Sandeep Sharma,Rajasthan Royals,4.0,48,0,0,12.0
52,Kuldip Yadav,Rajasthan Royals,4.0,50,1,0,12.5
52,Ravichandran Ashwin,Rajasthan Royals,4.0,35,1,0,8.8
52,Yuzvendra Chahal,Rajasthan Royals,4.0,29,4,0,7.3
52,Murugan Ashwin,Rajasthan Royals,3.0,42,0,0,14.0
52,Obed McCoy,Rajasthan Royals,1.0,13,0,0,13.0
53,Vaibhav Arora,Kolkata Knight Riders,3.0,32,0,0,10.7
53,Harshit Rana,Kolkata Knight Riders,3.0,33,2,0,11.0
53,Andre Russell,Kolkata Knight Riders,1.0,19,0,0,19.0
53,Varun Chakaravarthy,Kolkata Knight Riders,4.0,26,3,0,6.5
53,Suyash Sharma,Kolkata Knight Riders,4.0,26,1,0,6.5
53,Sunil Narine,Kolkata Knight Riders,4.0,29,0,0,7.3
53,Nitish Rana,Kolkata Knight Riders,1.0,7,1,0,7.0
53,Rishi Dhawan,Punjab Kings,2.0,15,0,0,7.5
53,Arshdeep Singh,Punjab Kings,4.0,39,0,0,9.8
53,Nathan Ellis,Punjab Kings,4.0,29,1,0,7.3
53,Sam Curran,Punjab Kings,3.0,44,0,0,14.7
53,Liam Livingstone,Punjab Kings,2.0,27,0,0,13.5
53,Harpreet Brar,Punjab Kings,1.0,4,1,0,4.0
53,Rahul Chahar,Punjab Kings,4.0,23,2,0,5.8
54,Jason Behrendorff,Mumbai Indians,4.0,36,3,0,9.0
54,Piyush Chawla,Mumbai Indians,4.0,41,0,0,10.3
54,Cameron Green,Mumbai Indians,2.0,15,1,0,7.5
54,Chris Jordan,Mumbai Indians,4.0,48,1,0,12.0
54,Kumar Kartikeya,Mumbai Indians,4.0,35,1,0,8.8
54,Akash Madhwal,Mumbai Indians,2.0,23,0,0,11.5
54,Mohammed Siraj,Royal Challengers Bangalore,3.0,31,0,0,10.3
54,Josh Hazlewood,Royal Challengers Bangalore,3.0,32,0,0,10.7
54,Wanindu Hasaranga,Royal Challengers Bangalore,4.0,53,2,0,13.3
54,Vijaykumar Vyshak,Royal Challengers Bangalore,3.0,37,2,0,12.3
54,Harshal Patel,Royal Challengers Bangalore,3.3,41,0,0,12.4
55,Khaleel Ahmed,Delhi Capitals,4.0,32,1,0,8.0
55,Ishant Sharma,Delhi Capitals,2.0,23,0,0,11.5
55,Lalit Yadav,Delhi Capitals,3.0,34,1,0,11.3
55,Axar Patel,Delhi Capitals,4.0,27,2,0,6.8
55,Kuldeep Yadav,Delhi Capitals,4.0,28,1,0,7.0
55,Mitchell Marsh,Delhi Capitals,3.0,18,3,0,6.0
55,Deepak Chahar,Chennai Super Kings,3.0,28,2,0,9.3
55,Tushar Deshpande,Chennai Super Kings,3.0,18,0,0,6.0
55,Maheesh Theekshana,Chennai Super Kings,2.0,16,0,0,8.0
55,Ravindra Jadeja,Chennai Super Kings,4.0,19,1,0,4.8
55,Moeen Ali,Chennai Super Kings,4.0,16,0,0,4.0
55,Matheesha Pathirana,Chennai Super Kings,4.0,37,3,0,9.3
56,Trent Boult,Rajasthan Royals,3.0,15,2,0,5.0
56,Sandeep Sharma,Rajasthan Royals,4.0,34,1,0,8.5
56,Ravichandran Ashwin,Rajasthan Royals,4.0,32,0,0,8.0
56,Joe Root,Rajasthan Royals,2.0,14,0,0,7.0
56,Yuzvendra Chahal,Rajasthan Royals,4.0,25,4,0,6.3
56,KM Asif,Rajasthan Royals,3.0,27,1,0,9.0
56,Nitish Rana,Kolkata Knight Riders,1.0,26,0,0,26.0
56,Harshit Rana,Kolkata Knight Riders,2.0,22,0,0,11.0
56,Shardul Thakur,Kolkata Knight Riders,1.1,18,0,0,16.4
56,Varun Chakaravarthy,Kolkata Knight Riders,3.0,28,0,0,9.3
56,Sunil Narine,Kolkata Knight Riders,2.0,13,0,0,6.5
56,Suyash Sharma,Kolkata Knight Riders,3.0,22,0,0,7.3
56,Anukul Roy,Kolkata Knight Riders,1.0,20,0,0,20.0
57,Mohammed Shami,Gujarat Titans,4.0,53,0,0,13.3
57,Rashid Khan,Gujarat Titans,4.0,30,4,0,7.5
57,Noor Ahmad,Gujarat Titans,4.0,38,0,0,9.5
57,Mohit Sharma,Gujarat Titans,4.0,43,1,0,10.8
57,Alzarri Joseph,Gujarat Titans,4.0,52,0,0,13.0
57,Jason Behrendorff,Mumbai Indians,4.0,37,1,0,9.3
57,Akash Madhwal,Mumbai Indians,4.0,31,3,0,7.8
57,Chris Jordan,Mumbai Indians,4.0,34,0,0,8.5
57,Piyush Chawla,Mumbai Indians,4.0,36,2,0,9.0
57,Kumar Kartikeya,Mumbai Indians,3.0,37,2,0,12.3
57,Cameron Green,Mumbai Indians,1.0,13,0,0,13.0
58,Yudhvir Singh,Lucknow Super Giants,3.0,24,1,0,8.0
58,Kyle Mayers,Lucknow Super Giants,1.0,11,0,1,11.0
58,Krunal Pandya,Lucknow Super Giants,4.0,24,2,0,6.0
58,Avesh Khan,Lucknow Super Giants,2.0,30,1,0,15.0
58,Yash Thakur,Lucknow Super Giants,4.0,28,1,0,7.0
58,Amit Mishra,Lucknow Super Giants,4.0,40,1,0,10.0
58,Ravi Bishnoi,Lucknow Super Giants,2.0,23,0,0,11.5
58,Bhuvneshwar Kumar,Sunrisers Hyderabad,4.0,30,0,0,7.5
58,Fazalhaq Farooqi,Sunrisers Hyderabad,3.2,32,0,0,10.0
58,Glenn Phillips,Sunrisers Hyderabad,2.0,10,1,0,5.0
58,T Natarajan,Sunrisers Hyderabad,4.0,31,0,0,7.8
58,Mayank Markande,Sunrisers Hyderabad,3.0,39,1,0,13.0
58,Abhishek Sharma,Sunrisers Hyderabad,3.0,42,1,0,14.0
59,Khaleel Ahmed,Delhi Capitals,4.0,36,0,0,9.0
59,Ishant Sharma,Delhi Capitals,3.0,27,2,0,9.0
59,Axar Patel,Delhi Capitals,4.0,27,1,0,6.8
59,Praveen Dubey,Delhi Capitals,3.0,19,1,0,6.3
59,Kuldeep Yadav,Delhi Capitals,4.0,32,1,0,8.0
59,Mitchell Marsh,Delhi Capitals,1.0,21,0,0,21.0
59,Mukesh Kumar,Delhi Capitals,1.0,3,1,0,3.0
59,Rishi Dhawan,Punjab Kings,1.0,10,0,0,10.0
59,Sam Curran,Punjab Kings,2.0,18,0,0,9.0
59,Harpreet Brar,Punjab Kings,4.0,30,4,0,7.5
59,Nathan Ellis,Punjab Kings,4.0,26,2,0,6.5
59,Arshdeep Singh,Punjab Kings,4.0,32,0,0,8.0
59,Rahul Chahar,Punjab Kings,4.0,16,2,0,4.0
59,Sikandar Raza,Punjab Kings,1.0,3,0,0,3.0
60,Sandeep Sharma,Rajasthan Royals,4.0,34,1,0,8.5
60,Adam Zampa,Rajasthan Royals,4.0,25,2,0,6.3
60,Yuzvendra Chahal,Rajasthan Royals,4.0,37,0,0,9.3
60,Ravichandran Ashwin,Rajasthan Royals,4.0,33,0,0,8.3
60,KM Asif,Rajasthan Royals,4.0,42,2,0,10.5
60,Mohammed Siraj,Royal Challengers Bangalore,2.0,10,1,0,5.0
60,Wayne Parnell,Royal Challengers Bangalore,3.0,10,3,0,3.3
60,Michael Bracewell,Royal Challengers Bangalore,3.0,16,2,0,5.3
60,Karn Sharma,Royal Challengers Bangalore,1.3,19,2,0,14.6
60,Glenn Maxwell,Royal Challengers Bangalore,1.0,3,1,0,3.0
61,Vaibhav Arora,Kolkata Knight Riders,4.0,30,1,1,7.5
61,Harshit Rana,Kolkata Knight Riders,2.0,19,0,0,9.5
61,Varun Chakaravarthy,Kolkata Knight Riders,4.0,36,2,0,9.0
61,Sunil Narine,Kolkata Knight Riders,4.0,15,2,0,3.8
61,Shardul Thakur,Kolkata Knight Riders,3.0,15,1,0,5.0
61,Suyash Sharma,Kolkata Knight Riders,3.0,29,0,1,9.7
61,Deepak Chahar,Chennai Super Kings,3.0,27,3,0,9.0
61,Tushar Deshpande,Chennai Super Kings,3.3,25,0,0,7.6
61,Moeen Ali,Chennai Super Kings,4.0,31,0,0,7.8
61,Maheesh Theekshana,Chennai Super Kings,3.0,22,0,0,7.3
61,Matheesha Pathirana,Chennai Super Kings,3.0,23,0,1,7.7
61,Ravindra Jadeja,Chennai Super Kings,2.0,18,0,0,9.0
62,Bhuvneshwar Kumar,Sunrisers Hyderabad,4.0,30,5,0,7.5
62,Marco Jansen,Sunrisers Hyderabad,4.0,39,1,2,9.8
62,Fazalhaq Farooqi,Sunrisers Hyderabad,3.0,31,1,0,10.3
62,T Natarajan,Sunrisers Hyderabad,4.0,34,1,0,8.5
62,Aiden Markram,Sunrisers Hyderabad,1.0,13,0,0,13.0
62,Mayank Markande,Sunrisers Hyderabad,3.0,27,0,0,9.0
62,Abhishek Sharma,Sunrisers Hyderabad,1.0,13,0,0,13.0
62,Mohammed Shami,Gujarat Titans,4.0,30,4,0,7.5
62,Yash Dayal,Gujarat Titans,4.0,31,1,0,7.8
62,Rashid Khan,Gujarat Titans,4.0,28,0,0,7.0
62,Mohit Sharma,Gujarat Titans,4.0,28,4,0,7.0
62,Noor Ahmad,Gujarat Titans,2.5,35,0,0,14.0
62,Rahul Tewatia,Gujarat Titans,1.1,7,0,0,6.4
63,Jason Behrendorff,Mumbai Indians,4.0,30,2,0,7.5
63,Chris Jordan,Mumbai Indians,4.0,50,0,0,12.5
63,Hrithik Shokeen,Mumbai Indians,3.0,20,0,0,6.7
63,Piyush Chawla,Mumbai Indians,3.0,26,1,0,8.7
63,Akash Madhwal,Mumbai Indians,4.0,30,0,0,7.5
63,Cameron Green,Mumbai Indians,2.0,16,0,0,8.0
63,Krunal Pandya,Lucknow Super Giants,4.0,27,0,0,6.8
63,Mohsin Khan,Lucknow Super Giants,3.0,26,1,0,8.7
63,Naveen-ul-Haq,Lucknow Super Giants,4.0,37,0,1,9.3
63,Yash Thakur,Lucknow Super Giants,4.0,40,2,1,10.0
63,Swapnil Singh,Lucknow Super Giants,1.0,11,0,0,11.0
63,Ravi Bishnoi,Lucknow Super Giants,4.0,26,2,0,6.5
64,Sam Curran,Punjab Kings,4.0,36,2,0,9.0
64,Kagiso Rabada,Punjab Kings,3.0,36,0,0,12.0
64,Arshdeep Singh,Punjab Kings,2.0,21,0,0,10.5
64,Nathan Ellis,Punjab Kings,4.0,46,0,0,11.5
64,Rahul Chahar,Punjab Kings,4.0,35,0,0,8.8
64,Harpreet Brar,Punjab Kings,3.0,39,0,0,13.0
64,Khaleel Ahmed,Delhi Capitals,3.0,20,1,0,6.7
64,Ishant Sharma,Delhi Capitals,3.0,36,2,0,12.0
64,Anrich Nortje,Delhi Capitals,4.0,36,2,0,9.0
64,Mukesh Kumar,Delhi Capitals,4.0,52,0,0,13.0
64,Axar Patel,Delhi Capitals,3.0,27,1,0,9.0
64,Kuldeep Yadav,Delhi Capitals,3.0,21,0,0,7.0
65,Mohammed Siraj,Royal Challengers Bangalore,4.0,17,1,0,4.3
65,Wayne Parnell,Royal Challengers Bangalore,4.0,35,0,0,8.8
65,Michael Bracewell,Royal Challengers Bangalore,2.0,13,2,0,6.5
65,Shahbaz Ahmed,Royal Challengers Bangalore,3.0,38,1,0,12.7
65,Harshal Patel,Royal Challengers Bangalore,4.0,37,1,0,9.3
65,Karn Sharma,Royal Challengers Bangalore,3.0,45,0,0,15.0
65,Bhuvneshwar Kumar,Sunrisers Hyderabad,4.0,48,1,0,12.0
65,Abhishek Sharma,Sunrisers Hyderabad,3.0,28,0,0,9.3
65,T Natarajan,Sunrisers Hyderabad,4.0,34,1,0,8.5
65,Kartik Tyagi,Sunrisers Hyderabad,1.2,21,0,0,17.5
65,Nitish Reddy,Sunrisers Hyderabad,2.0,19,0,0,9.5
65,Mayank Dagar,Sunrisers Hyderabad,4.0,25,0,0,6.3
65,Glenn Phillips,Sunrisers Hyderabad,1.0,10,0,0,10.0
66,Trent Boult,Rajasthan Royals,4.0,35,1,0,8.8
66,Sandeep Sharma,Rajasthan Royals,4.0,46,0,1,11.5
66,Navdeep Saini,Rajasthan Royals,4.0,40,3,0,10.0
66,Adam Zampa,Rajasthan Royals,4.0,26,1,0,6.5
66,Yuzvendra Chahal,Rajasthan Royals,4.0,40,0,0,10.0
66,Sam Curran,Chennai Super Kings,4.0,46,1,0,11.5
66,Kagiso Rabada,Chennai Super Kings,4.0,40,2,1,10.0
66,Arshdeep Singh,Chennai Super Kings,4.0,40,1,0,10.0
66,Nathan Ellis,Chennai Super Kings,4.0,34,1,0,8.5
66,Rahul Chahar,Chennai Super Kings,3.4,28,1,0,8.2
67,Khaleel Ahmed,Delhi Capitals,4.0,45,1,0,11.3
67,Lalit Yadav,Delhi Capitals,2.0,32,0,0,16.0
67,Axar Patel,Delhi Capitals,3.0,32,0,0,10.7
67,Anrich Nortje,Delhi Capitals,4.0,43,1,0,10.8
67,Chetan Sakariya,Delhi Capitals,4.0,36,1,0,9.0
67,Kuldeep Yadav,Delhi Capitals,3.0,34,0,0,11.3
67,Deepak Chahar,Chennai Super Kings,4.0,22,3,0,5.5
67,Tushar Deshpande,Chennai Super Kings,4.0,26,1,0,6.5
67,Maheesh Theekshana,Chennai Super Kings,4.0,23,2,0,5.8
67,Ravindra Jadeja,Chennai Super Kings,4.0,50,1,0,12.5
67,Matheesha Pathirana,Chennai Super Kings,4.0,22,2,0,5.5
68,Harshit Rana,Kolkata Knight Riders,3.0,21,1,0,7.0
68,Vaibhav Arora,Kolkata Knight Riders,4.0,30,2,1,7.5
68,Varun Chakaravarthy,Kolkata Knight Riders,4.0,38,1,0,9.5
68,Nitish Rana,Kolkata Knight Riders,1.0,3,0,0,3.0
68,Shardul Thakur,Kolkata Knight Riders,2.0,27,2,1,13.5
68,Sunil Narine,Kolkata Knight Riders,4.0,28,2,0,7.0
68,Suyash Sharma,Kolkata Knight Riders,1.0,12,0,0,12.0
68,Andre Russell,Kolkata Knight Riders,1.0,12,0,0,12.0
68,Mohsin Khan,Lucknow Super Giants,1.0,15,0,0,15.0
68,Naveen-ul-Haq,Lucknow Super Giants,4.0,46,0,0,11.5
68,Krunal Pandya,Lucknow Super Giants,4.0,30,1,0,7.5
68,Krishnappa Gowtham,Lucknow Super Giants,4.0,26,1,0,6.5
68,Ravi Bishnoi,Lucknow Super Giants,4.0,23,2,0,5.8
68,Yash Thakur,Lucknow Super Giants,3.0,31,2,0,10.3
69,Jason Behrendorff,Mumbai Indians,3.0,36,0,0,12.0
69,Cameron Green,Mumbai Indians,1.0,2,0,0,2.0
69,Chris Jordan,Mumbai Indians,4.0,42,1,0,10.5
69,Akash Madhwal,Mumbai Indians,4.0,37,4,1,9.3
69,Piyush Chawla,Mumbai Indians,4.0,39,0,0,9.8
69,Kumar Kartikeya,Mumbai Indians,4.0,39,0,0,9.8
69,Bhuvneshwar Kumar,Sunrisers Hyderabad,4.0,26,1,0,6.5
69,Nitish Reddy,Sunrisers Hyderabad,3.0,35,0,0,11.7
69,Mayank Dagar,Sunrisers Hyderabad,4.0,37,1,0,9.3
69,Kartik Tyagi,Sunrisers Hyderabad,2.5,41,0,3,16.4
69,Umran Malik,Sunrisers Hyderabad,3.0,41,0,0,13.7
69,Vivrant Sharma,Sunrisers Hyderabad,1.0,19,0,1,19.0
69,Aiden Markram,Sunrisers Hyderabad,0.1,1,0,0,10.0
70,Mohammed Shami,Gujarat Titans,4.0,39,1,0,9.8
70,Yash Dayal,Gujarat Titans,4.0,39,1,0,9.8
70,Rashid Khan,Gujarat Titans,4.0,24,1,0,6.0
70,Noor Ahmad,Gujarat Titans,4.0,39,2,0,9.8
70,Mohit Sharma,Gujarat Titans,4.0,54,0,0,13.5
70,Mohammed Siraj,Royal Challengers Bangalore,4.0,32,2,0,8.0
70,Wayne Parnell,Royal Challengers Bangalore,3.1,42,0,1,13.5
70,Vijaykumar Vyshak,Royal Challengers Bangalore,4.0,40,1,0,10.0
70,Himanshu Sharma,Royal Challengers Bangalore,3.0,28,0,0,9.3
70,Harshal Patel,Royal Challengers Bangalore,4.0,29,1,0,7.3
70,Michael Bracewell,Royal Challengers Bangalore,1.0,16,0,0,16.0
